data,usuários_ativos,novos_usuários
2023-01-19,4919,4923
2023-01-20,9537,8887
2023-01-21,7128,6487
2023-01-22,4397,3736
2023-01-23,5936,4958
2023-01-24,6421,5227
2023-01-25,5661,4494
2023-01-26,5818,4570
2023-01-27,6231,5001
2023-01-28,4852,4020
2023-01-29,4438,3622
2023-01-30,8140,6770
2023-01-31,9620,8138
2023-02-01,7637,6210
2023-02-02,16567,15021
2023-02-03,10796,9320
2023-02-04,5559,4656
2023-02-05,6222,5335
2023-02-06,7963,6534
2023-02-07,8299,6768
2023-02-08,10382,8728
2023-02-09,9528,7685
2023-02-10,10435,8782
2023-02-11,47154,45915
2023-02-12,33190,31902
2023-02-13,26314,24214
2023-02-14,10843,8984
2023-02-15,22542,20307
2023-02-16,17395,15505
2023-02-17,20852,18707
2023-02-18,19573,17377
2023-02-19,58749,54226
2023-02-20,96506,87395
2023-02-21,105227,97404
2023-02-22,45641,38590
2023-02-23,25840,20396
2023-02-24,28133,22124
2023-02-25,61288,53014
2023-02-26,12771,10251
2023-02-27,11514,8755
2023-02-28,9500,6962
2023-03-01,14322,11117
2023-03-02,17071,13654
2023-03-03,139393,121742
2023-03-04,48303,41639
2023-03-05,13520,11008
2023-03-06,11625,9144
2023-03-07,7557,5648
2023-03-08,7920,5385
2023-03-09,41472,30702
2023-03-10,34753,27261
2023-03-11,23421,19188
2023-03-12,17237,13473
2023-03-13,19660,15937
2023-03-14,47119,35708
2023-03-15,100581,85616
2023-03-16,66236,52786
2023-03-17,63740,50745
2023-03-18,42103,35689
2023-03-19,107341,91844
2023-03-20,242578,213923
2023-03-21,177251,151299
2023-03-22,70979,55761
2023-03-23,46514,35697
2023-03-24,29478,21562
2023-03-25,19512,14365
2023-03-26,10899,8164
2023-03-27,10938,7728
2023-03-28,10547,7385
2023-03-29,10950,7758
2023-03-30,7246,5154
2023-03-31,5338,3610
2023-04-01,3913,2780
2023-04-02,3832,2784
2023-04-03,4417,2729
2023-04-04,4397,2745
2023-04-05,4620,3114
2023-04-06,3743,2418
2023-04-07,3001,2013
2023-04-08,2949,2047
2023-04-09,4129,2981
2023-04-10,9145,6561
2023-04-11,33586,20510
2023-04-12,170951,120950
2023-04-13,110092,82526
2023-04-14,35669,27154
2023-04-15,23199,14936
2023-04-16,24293,17665
2023-04-17,22175,16883
2023-04-18,17588,11502
2023-04-19,19223,13191
2023-04-20,17736,12700
2023-04-21,25948,17436
2023-04-22,25421,15954
2023-04-23,29408,18543
2023-04-24,42222,27907
2023-04-25,24627,16407
2023-04-26,21677,12986
2023-04-27,22789,12465
2023-04-28,17361,10790
2023-04-29,8489,5480
2023-04-30,8045,5249
2023-05-01,12770,7701
2023-05-02,12819,8528
2023-05-03,16608,12495
2023-05-04,10812,8170
2023-05-05,6712,4796
2023-05-06,7223,5200
2023-05-07,12255,8421
2023-05-08,22953,14798
2023-05-09,38155,25477
2023-05-10,57453,41245
2023-05-11,29815,21589
2023-05-12,13147,7252
2023-05-13,42407,28401
2023-05-14,49795,35628
2023-05-15,16430,11034
2023-05-16,35533,23136
2023-05-17,29645,20539
2023-05-18,33154,21158
2023-05-19,37608,24491
2023-05-20,21735,15019
2023-05-21,10631,7119
2023-05-22,8830,6017
2023-05-23,139004,108909
2023-05-24,279590,224063
2023-05-25,87101,60524
2023-05-26,47910,27926
2023-05-27,78865,53223
2023-05-28,77343,55093
2023-05-29,36092,24001
2023-05-30,20379,13050
2023-05-31,20250,10670
2023-06-01,10742,7419
2023-06-02,15049,12355
2023-06-03,8912,7055
2023-06-04,5771,4333
2023-06-05,11227,6070
2023-06-06,35715,16122
2023-06-07,33299,17204
2023-06-08,56530,32008
2023-06-09,18642,11866
2023-06-10,16347,8264
2023-06-11,69488,33948
2023-06-12,77792,45999
2023-06-13,119583,67840
2023-06-14,89011,44299
2023-06-15,72808,37249
2023-06-16,30316,16436
2023-06-17,20469,10621
2023-06-18,28165,16553
2023-06-19,113127,87278
2023-06-20,37069,22218
2023-06-21,18967,10218
2023-06-22,10076,6968
2023-06-23,8678,6022
2023-06-24,15560,7232
2023-06-25,40991,19013
2023-06-26,66241,40083
2023-06-27,54447,35628
2023-06-28,71809,37689
2023-06-29,19371,11906
2023-06-30,18143,10949
2023-07-01,9907,6665
2023-07-02,8078,5870
2023-07-03,7259,5192
2023-07-04,7522,5421
2023-07-05,9324,5415
2023-07-06,9570,5727
2023-07-07,8198,5463
2023-07-08,5271,3893
2023-07-09,7128,5237
2023-07-10,13214,9512
2023-07-11,8818,6041
2023-07-12,9336,6425
2023-07-13,8656,6184
2023-07-14,15987,13336
2023-07-15,13950,10928
2023-07-16,8727,6687
2023-07-17,10133,6782
2023-07-18,12990,8742
2023-07-19,12342,8739
2023-07-20,7030,4882
2023-07-21,9471,6348
2023-07-22,5456,3871
2023-07-23,4534,3185
2023-07-24,11648,8010
2023-07-25,8479,5912
2023-07-26,7287,4894
2023-07-27,14022,9795
2023-07-28,13961,10347
2023-07-29,6780,5216
2023-07-30,4960,3742
2023-07-31,6177,4309
2023-08-01,6605,4580
2023-08-02,6560,4632
2023-08-03,7749,5515
2023-08-04,8897,6493
2023-08-05,7027,5534
2023-08-06,8683,6300
2023-08-07,30360,24797
2023-08-08,13064,10389
2023-08-09,22349,15266
2023-08-10,36415,26056
2023-08-11,12440,8878
2023-08-12,5877,4121
2023-08-13,6278,4693
2023-08-14,19432,15599
2023-08-15,26572,20776
2023-08-16,26440,22227
2023-08-17,42856,33304
2023-08-18,30270,23269
2023-08-19,17893,14795
2023-08-20,9925,8148
2023-08-21,11036,8505
2023-08-22,14523,9354
2023-08-23,17582,12203
2023-08-24,27677,16130
2023-08-25,25141,15709
2023-08-26,10013,7294
2023-08-27,4912,3363
2023-08-28,5988,3772
2023-08-29,8241,5829
2023-08-30,9743,7112
2023-08-31,9110,6239
2023-09-01,6640,4291
2023-09-02,4588,3301
2023-09-03,4050,2960
2023-09-04,5552,3735
2023-09-05,5881,4072
2023-09-06,5682,3987
2023-09-07,6197,4681
2023-09-08,4303,2938
2023-09-09,4897,3375
2023-09-10,4474,3242
2023-09-11,9103,7155
2023-09-12,6393,4662
2023-09-13,8659,6227
2023-09-14,8912,6824
2023-09-15,10897,8755
2023-09-16,7079,5844
2023-09-17,5939,4696
2023-09-18,7805,5803
2023-09-19,10808,8556
2023-09-20,10037,7051
2023-09-21,9660,7081
2023-09-22,6556,4919
2023-09-23,4634,3449
2023-09-24,5188,3929
2023-09-25,9719,6261
2023-09-26,15012,10245
2023-09-27,15113,11787
2023-09-28,10731,8699
2023-09-29,93695,85140
2023-09-30,27642,24392
2023-10-01,22074,19696
2023-10-02,7428,5304
2023-10-03,6114,3906
2023-10-04,5955,3881
2023-10-05,4656,3187
2023-10-06,4103,2662
2023-10-07,3149,2235
2023-10-08,2804,1930
2023-10-09,4035,2600
2023-10-10,3933,2594
2023-10-11,3740,2474
2023-10-12,3125,2162
2023-10-13,3424,2307
2023-10-14,3220,2398
2023-10-15,4448,3484
2023-10-16,7840,5995
2023-10-17,69475,62750
2023-10-18,80693,75397
2023-10-19,20794,18271
2023-10-20,6994,5258
2023-10-21,9054,6504
2023-10-22,10232,7685
2023-10-23,5784,4104
2023-10-24,5904,4197
2023-10-25,8610,6307
2023-10-26,6673,4748
2023-10-27,5353,3823
2023-10-28,24052,22011
2023-10-29,31535,28464
2023-10-30,15447,12970
2023-10-31,19154,15837
2023-11-01,29013,24916
2023-11-02,9598,7860
2023-11-03,6381,4841
2023-11-04,5049,3931
2023-11-05,8775,6748
2023-11-06,10412,7517
2023-11-07,8171,5686
2023-11-08,8176,5726
2023-11-09,6807,4850
2023-11-10,5021,3442
2023-11-11,3922,2926
2023-11-12,4084,3110
2023-11-13,5053,3520
2023-11-14,5332,3832
2023-11-15,13306,11911
2023-11-16,7720,6194
2023-11-17,6279,4725
2023-11-18,5347,4261
2023-11-19,5185,4051
2023-11-20,6584,4953
2023-11-21,5799,4222
2023-11-22,5814,4293
2023-11-23,5723,4038
2023-11-24,15750,11280
2023-11-25,20330,15406
2023-11-26,13899,10899
2023-11-27,8586,6147
2023-11-28,10887,7396
2023-11-29,7294,5184
2023-11-30,8387,5620
2023-12-01,9361,6657
2023-12-02,10213,7693
2023-12-03,5818,4635
2023-12-04,6947,4974
2023-12-05,6281,4628
2023-12-06,7158,5149
2023-12-07,6819,4757
2023-12-08,4953,3745
2023-12-09,3300,2394
2023-12-10,3502,2621
2023-12-11,6924,5260
2023-12-12,5653,4153
2023-12-13,5957,4444
2023-12-14,7125,5529
2023-12-15,8109,6544
2023-12-16,5571,4604
2023-12-17,5090,4144
2023-12-18,5573,4141
2023-12-19,6724,5166
2023-12-20,7983,6602
2023-12-21,7522,6034
2023-12-22,7821,6562
2023-12-23,6328,5236
2023-12-24,11229,8470
2023-12-25,11036,9155
2023-12-26,10065,7897
2023-12-27,7172,5444
2023-12-28,8698,6222
2023-12-29,6568,4825
2023-12-30,5264,4020
2023-12-31,4336,3399
2024-01-01,6069,4774
2024-01-02,7845,6057
2024-01-03,11972,8907
2024-01-04,10232,7426
2024-01-05,6947,5029
2024-01-06,5437,4210
2024-01-07,6045,4894
2024-01-08,6722,5217
2024-01-09,6253,4795
2024-01-10,6219,4788
2024-01-11,5514,4251
2024-01-12,5541,4139
2024-01-13,4583,3627
2024-01-14,4715,3732
2024-01-15,5988,4488
2024-01-16,6334,4893
2024-01-17,5684,4279
2024-01-18,10424,8267
2024-01-19,13550,10588
2024-01-20,7445,5951
2024-01-21,6040,4854
2024-01-22,6712,5145
2024-01-23,9475,7838
2024-01-24,34639,32466
2024-01-25,35291,32796
2024-01-26,17991,15895
2024-01-27,12419,11060
2024-01-28,9706,8572
2024-01-29,11209,9436
2024-01-30,18229,15112
2024-01-31,10731,8825
2024-02-01,9105,7605
2024-02-02,7385,5949
2024-02-03,6101,5204
2024-02-04,19122,17596
2024-02-05,26686,24576
2024-02-06,8050,6525
2024-02-07,7127,5684
2024-02-08,6748,5450
2024-02-09,6871,5688
2024-02-10,9575,7459
2024-02-11,10950,9010
2024-02-12,10887,9356
2024-02-13,9290,7851
2024-02-14,7929,6382
2024-02-15,7789,5894
2024-02-16,10477,7751
2024-02-17,12816,9660
2024-02-18,13333,10073
2024-02-19,7170,5464
2024-02-20,7529,5853
2024-02-21,12005,9726
2024-02-22,7465,5878
2024-02-23,6554,5067
2024-02-24,5516,4407
2024-02-25,5002,3906
2024-02-26,5468,4002
2024-02-27,5361,4024
2024-02-28,5948,4484
2024-02-29,5733,4290
2024-03-01,5865,4532
2024-03-02,5210,4318
2024-03-03,4982,4059
2024-03-04,6075,4687
2024-03-05,6285,4560
2024-03-06,10275,7738
2024-03-07,9817,7009
2024-03-08,6517,4915
2024-03-09,4053,3164
2024-03-10,3394,2527
2024-03-11,5894,3918
2024-03-12,7277,5058
2024-03-13,6759,5148
2024-03-14,5834,4339
2024-03-15,4962,3621
2024-03-16,5816,4564
2024-03-17,5628,4485
2024-03-18,5905,4411
2024-03-19,6786,5192
2024-03-20,6183,4586
2024-03-21,5734,4174
2024-03-22,6042,4000
2024-03-23,3951,2769
2024-03-24,7276,5460
2024-03-25,5799,4146
2024-03-26,4296,2907
2024-03-27,6455,4992
2024-03-28,4324,2981
2024-03-29,16632,13881
2024-03-30,5074,3775
2024-03-31,3224,2397
2024-04-01,4379,2983
2024-04-02,5855,4425
2024-04-03,6282,4963
2024-04-04,6320,4817
2024-04-05,5278,3911
2024-04-06,3542,2663
2024-04-07,3425,2516
2024-04-08,4653,3135
2024-04-09,12720,9868
2024-04-10,11809,10009
2024-04-11,7570,6077
2024-04-12,6110,4771
2024-04-13,4237,3239
2024-04-14,9790,6526
2024-04-15,9119,5546
2024-04-16,12344,10224
2024-04-17,10787,7740
2024-04-18,6088,4506
2024-04-19,5310,3957
2024-04-20,4371,3383
2024-04-21,4755,3799
2024-04-22,6224,4290
2024-04-23,18934,14089
2024-04-24,12722,10083
2024-04-25,9395,6588
2024-04-26,7592,5709
2024-04-27,6942,5809
2024-04-28,17256,15756
2024-04-29,22410,18217
2024-04-30,21326,17595
2024-05-01,7524,5688
2024-05-02,5740,4001
2024-05-03,5723,3959
2024-05-04,4533,3342
2024-05-05,3884,2900
2024-05-06,6207,4368
2024-05-07,5386,3713
2024-05-08,8902,5837
2024-05-09,7960,5993
2024-05-10,8297,6749
2024-05-11,3998,3086
2024-05-12,3474,2632
2024-05-13,5587,3948
2024-05-14,4524,2966
2024-05-15,4040,2705
2024-05-16,4375,3012
2024-05-17,3798,2623
2024-05-18,2690,1872
2024-05-19,2868,2028
2024-05-20,4037,2642
2024-05-21,5056,3555
2024-05-22,7432,4770
2024-05-23,8244,5611
2024-05-24,7470,4990
2024-05-25,6919,4670
2024-05-26,7125,4726
2024-05-27,5508,3840
2024-05-28,5013,3383
2024-05-29,4755,3190
2024-05-30,3369,2368
2024-05-31,4179,2996
2024-06-01,3443,2653
2024-06-02,3531,2725
2024-06-03,4470,3138
2024-06-04,4137,2840
2024-06-05,4310,2876
2024-06-06,4075,2785
2024-06-07,3662,2462
2024-06-08,3596,2562
2024-06-09,2945,2081
2024-06-10,4808,3302
2024-06-11,9204,6903
2024-06-12,6342,4588
2024-06-13,4990,3501
2024-06-14,4527,3245
2024-06-15,4697,3263
2024-06-16,5378,3822
2024-06-17,5936,4333
2024-06-18,4224,2901
2024-06-19,10864,7324
2024-06-20,5361,4154
2024-06-21,10566,9412
2024-06-22,10172,9185
2024-06-23,11053,10028
2024-06-24,9025,7887
2024-06-25,8669,7091
2024-06-26,7672,6154
2024-06-27,6658,5228
2024-06-28,6335,4978
2024-06-29,5699,4572
2024-06-30,5408,4359
2024-07-01,6701,5021
2024-07-02,6404,4916
2024-07-03,6520,4673
2024-07-04,5775,4089
2024-07-05,5298,3749
2024-07-06,3684,2620
2024-07-07,4156,2893
2024-07-08,4850,3176
2024-07-09,9473,6936
2024-07-10,7573,5559
2024-07-11,8942,6665
2024-07-12,7139,5162
2024-07-13,6288,4798
2024-07-14,7473,5678
2024-07-15,7206,5148
2024-07-16,5021,3321
2024-07-17,5477,3886
2024-07-18,5669,4077
2024-07-19,5629,3875
2024-07-20,4775,3314
2024-07-21,5423,3668
2024-07-22,5721,3803
2024-07-23,5503,3826
2024-07-24,5583,3965
2024-07-25,5538,3693
2024-07-26,5867,4081
2024-07-27,4376,3081
2024-07-28,6818,5256
2024-07-29,7903,6015
2024-07-30,6047,4321
2024-07-31,4341,2938
2024-08-01,4603,2928
2024-08-02,5151,3503
2024-08-03,3219,2343
2024-08-04,2529,1777
2024-08-05,4500,3033
2024-08-06,5550,4024
2024-08-07,5815,4159
2024-08-08,4360,2857
2024-08-09,4320,2718
2024-08-10,5129,3678
2024-08-11,3902,2918
2024-08-12,5014,3437
2024-08-13,4542,2894
2024-08-14,4883,3355
2024-08-15,5921,4108
2024-08-16,10399,8590
2024-08-17,3402,2467
2024-08-18,2746,1935
2024-08-19,4447,3035
2024-08-20,4527,3053
2024-08-21,4658,3213
2024-08-22,5638,4157
2024-08-23,5937,4465
2024-08-24,6860,6018
2024-08-25,3248,2390
2024-08-26,6926,5196
2024-08-27,7869,6193
2024-08-28,6464,4806
2024-08-29,6404,4782
2024-08-30,4602,3143
2024-08-31,8661,6486
2024-09-01,7626,5801
2024-09-02,5983,4329
2024-09-03,5085,3571
2024-09-04,4885,3378
2024-09-05,5013,3484
2024-09-06,5362,3659
2024-09-07,3810,2788
2024-09-08,3359,2454
2024-09-09,4879,3303
2024-09-10,6313,4697
2024-09-11,6719,5086
2024-09-12,5536,3941
2024-09-13,5626,4017
2024-09-14,4248,3161
2024-09-15,11907,10724
2024-09-16,23795,21754
2024-09-17,14072,11962
2024-09-18,7107,5241
2024-09-19,6593,4930
2024-09-20,5302,3868
2024-09-21,9197,7153
2024-09-22,9252,7711
2024-09-23,10120,8094
2024-09-24,14330,11256
2024-09-25,21216,18174
2024-09-26,13077,10412
2024-09-27,11130,8874
2024-09-28,8900,7533
2024-09-29,5326,4197
2024-09-30,6437,4496
2024-10-01,6649,4778
2024-10-02,6724,4893
2024-10-03,7797,5934
2024-10-04,9652,7810
2024-10-05,9134,7677
2024-10-06,61825,56029
2024-10-07,20051,15663
2024-10-08,8408,6029
2024-10-09,12325,10273
2024-10-10,10245,7881
2024-10-11,6200,4226
2024-10-12,7141,5600
2024-10-13,6289,4949
2024-10-14,6193,4485
2024-10-15,7524,5530
2024-10-16,9761,7639
2024-10-17,8418,6279
2024-10-18,7503,5643
2024-10-19,4526,3514
2024-10-20,5439,4266
2024-10-21,11895,10060
2024-10-22,8917,6747
2024-10-23,8612,6314
2024-10-24,13153,9973
2024-10-25,11971,9567
2024-10-26,6706,4985
2024-10-27,6586,4675
2024-10-28,8905,7054
2024-10-29,7255,5467
2024-10-30,5400,3813
2024-10-31,5754,3927
2024-11-01,5481,3733
2024-11-02,5574,4402
2024-11-03,6279,5082
2024-11-04,9757,7850
2024-11-05,7643,5847
2024-11-06,6930,5238
2024-11-07,11835,9713
2024-11-08,9280,7696
2024-11-09,6526,5341
2024-11-10,16527,14577
2024-11-11,45885,40234
2024-11-12,27329,22117
2024-11-13,10309,7635
2024-11-14,10950,8676
2024-11-15,7036,5404
2024-11-16,5009,3956
2024-11-17,14009,12782
2024-11-18,9925,8066
2024-11-19,7293,5495
2024-11-20,7167,5637
2024-11-21,7418,5640
2024-11-22,6381,4738
2024-11-23,5768,4743
2024-11-24,4527,3478
2024-11-25,5139,3582
2024-11-26,15391,13143
2024-11-27,10076,8101
2024-11-28,19546,16952
2024-11-29,13003,10853
2024-11-30,11901,10273
2024-12-01,9545,8181
2024-12-02,5877,4364
2024-12-03,9299,7188
2024-12-04,6262,4468
2024-12-05,5820,4073
2024-12-06,13582,11468
2024-12-07,13921,12651
2024-12-08,15919,13888
2024-12-09,7656,5904
2024-12-10,6226,4553
2024-12-11,6629,4791
2024-12-12,6212,4532
2024-12-13,6136,4345
2024-12-14,5090,3805
2024-12-15,6973,5579
2024-12-16,11925,9587
2024-12-17,15052,12404
2024-12-18,7241,5443
2024-12-19,6215,4606
2024-12-20,6605,4912
2024-12-21,4788,3543
2024-12-22,6634,5420
2024-12-23,7117,5487
2024-12-24,4819,3551
2024-12-25,5388,4105
2024-12-26,9113,7068
2024-12-27,11106,9095
2024-12-28,3748,2856
2024-12-29,3698,2680
2024-12-30,5837,4419
2024-12-31,5023,3958
2025-01-01,5511,4283
2025-01-02,9261,7485
2025-01-03,12106,9471
2025-01-04,19012,15299
2025-01-05,13912,11523
2025-01-06,11185,9288
2025-01-07,10553,8305
2025-01-08,10673,8376
2025-01-09,7665,5699
2025-01-10,7929,5720
2025-01-11,6710,5220
2025-01-12,4014,3047
2025-01-13,6158,4574
2025-01-14,10115,6904
2025-01-15,13597,9489
2025-01-16,10104,7443
2025-01-17,12093,9326
2025-01-18,4684,3526
2025-01-19,4998,3907
2025-01-20,6347,4770
2025-01-21,6365,4598
2025-01-22,7766,5858
2025-01-23,9407,7443
2025-01-24,9794,7366
2025-01-25,8073,6006
2025-01-26,8861,6840
2025-01-27,6866,5166
2025-01-28,7301,5157
2025-01-29,21423,16439
2025-01-30,10021,7306
2025-01-31,7680,5730
2025-02-01,4633,3414
2025-02-02,4454,3325
2025-02-03,7863,5919
2025-02-04,6763,4807
2025-02-05,9006,6377
2025-02-06,11331,8008
2025-02-07,12877,9747
2025-02-08,7323,5594
2025-02-09,6647,5114
2025-02-10,16252,13874
2025-02-11,12576,10227
2025-02-12,7729,5875
2025-02-13,8720,6487
2025-02-14,6116,4444
2025-02-15,5021,3940
2025-02-16,7056,5797
2025-02-17,14087,10772
2025-02-18,10727,8101
2025-02-19,7013,5293
2025-02-20,6727,5033
2025-02-21,9359,7180
2025-02-22,7186,5737
2025-02-23,5650,4587
2025-02-24,9070,6367
2025-02-25,9280,7110
2025-02-26,7996,6198
2025-02-27,10650,8251
2025-02-28,5828,4504
2025-03-01,5784,4645
2025-03-02,5652,4567
2025-03-03,5828,4607
2025-03-04,7067,5649
2025-03-05,7067,5668
2025-03-06,6798,5171
2025-03-07,6709,5366
2025-03-08,6189,5101
2025-03-09,5483,4432
2025-03-10,6974,5372
2025-03-11,7259,5574
2025-03-12,6978,5266
2025-03-13,9735,7455
2025-03-14,7675,5685
2025-03-15,11712,9757
2025-03-16,12811,10517
2025-03-17,7301,5566
2025-03-18,8019,6124
2025-03-19,8997,7021
2025-03-20,13485,10700
2025-03-21,13585,11554
2025-03-22,10750,9004
2025-03-23,9652,8128
2025-03-24,19582,17173
2025-03-25,14406,12339
2025-03-26,28288,26024
2025-03-27,16327,14081
2025-03-28,12770,10499
2025-03-29,8125,7142
2025-03-30,15879,14372
2025-03-31,9159,7232
2025-04-01,10102,8118
2025-04-02,8627,6522
2025-04-03,7603,5801
2025-04-04,5303,3884
2025-04-05,5811,4790
2025-04-06,5742,4653
2025-04-07,5667,4084
2025-04-08,6104,4645
2025-04-09,7148,5592
2025-04-10,5605,4248
2025-04-11,5215,3900
2025-04-12,3508,2670
2025-04-13,5177,4244
2025-04-14,5853,4357
2025-04-15,5623,4224
2025-04-16,5800,4413
2025-04-17,6314,5049
2025-04-18,6511,5378
2025-04-19,4390,3536
2025-04-20,4405,3500
2025-04-21,6301,5266
2025-04-22,6000,4582
2025-04-23,8110,6549
2025-04-24,7296,5871
2025-04-25,7048,5469
2025-04-26,7543,6141
2025-04-27,5827,4766
2025-04-28,6586,5071
2025-04-29,7613,6099
2025-04-30,7235,5789
2025-05-01,4311,3362
2025-05-02,4917,3647
2025-05-03,4113,3194
2025-05-04,3660,2829
2025-05-05,5342,3943
2025-05-06,5895,4479
2025-05-07,5797,4481
2025-05-08,5503,4169
2025-05-09,5599,4291
2025-05-10,4375,3555
2025-05-11,4027,3203
2025-05-12,5634,4196
2025-05-13,5631,4232
2025-05-14,5719,4301
2025-05-15,5825,4417
2025-05-16,8693,6966
2025-05-17,6692,5548
2025-05-18,4300,3448
2025-05-19,5745,4334
2025-05-20,6416,4937
2025-05-21,5670,4210
2025-05-22,5998,4561
2025-05-23,4931,3658
2025-05-24,3317,2564
2025-05-25,3767,2976
2025-05-26,6557,5169
2025-05-27,6819,5364
2025-05-28,6174,4764
2025-05-29,6101,4750
2025-05-30,8037,6670
2025-05-31,4146,3354
2025-06-01,3886,3094
2025-06-02,11556,9777
2025-06-03,10702,9079
2025-06-04,25884,23796
2025-06-05,8881,7330
2025-06-06,15407,13534
2025-06-07,5324,4372
2025-06-08,4725,3696
2025-06-09,6314,4761
2025-06-10,5016,3623
2025-06-11,6104,4663
2025-06-12,6047,4597
2025-06-13,6945,5411
2025-06-14,5517,4576
2025-06-15,5971,4708
2025-06-16,6025,4564
2025-06-17,6053,4596
2025-06-18,5737,4395
2025-06-19,4804,3819
2025-06-20,5531,4439
2025-06-21,4509,3608
2025-06-22,4635,3811
2025-06-23,4729,3769
2025-06-24,5016,3935
2025-06-25,6085,4706
2025-06-26,5217,3970
2025-06-27,4875,3635
2025-06-28,3339,2561
2025-06-29,3244,2497
2025-06-30,4906,3620
2025-07-01,6498,5133
2025-07-02,6504,5294
2025-07-03,5418,3916
2025-07-04,5844,4389
2025-07-05,3358,2510
2025-07-06,3259,2408
2025-07-07,4053,2764
2025-07-08,4001,2720
2025-07-09,4807,3442
2025-07-10,5067,3639
2025-07-11,6638,5246
2025-07-12,32787,29781
2025-07-13,23257,21108
2025-07-14,7341,5681
2025-07-15,5076,3680
2025-07-16,5247,3862
2025-07-17,4730,3325
2025-07-18,4787,3405
2025-07-19,4722,3449
2025-07-20,12426,11037
2025-07-21,6822,5092
2025-07-22,11217,8709
2025-07-23,7903,6192
2025-07-24,6088,4688
2025-07-25,5464,4121
2025-07-26,4058,3177
2025-07-27,3548,2730
2025-07-28,5084,3623
2025-07-29,4386,2979
2025-07-30,4646,3352
2025-07-31,4344,3057
2025-08-01,4873,3541
2025-08-02,6281,5268
2025-08-03,7633,6384
2025-08-04,6596,4947
2025-08-05,6191,4653
2025-08-06,5416,3959
2025-08-07,4541,3079
2025-08-08,5102,3479
2025-08-09,3913,2995
2025-08-10,3522,2600
2025-08-11,5219,3743
2025-08-12,6808,4962
2025-08-13,5085,3572
2025-08-14,5699,4172
2025-08-15,13361,10638
2025-08-16,20069,17033
2025-08-17,14189,12243
2025-08-18,11938,9289
2025-08-19,13282,10208
2025-08-20,16155,12881
2025-08-21,13089,10167
2025-08-22,17610,14163
2025-08-23,8617,6957
2025-08-24,6072,4344
2025-08-25,11506,8540
2025-08-26,18393,14169
2025-08-27,22921,17430
2025-08-28,23182,17415
2025-08-29,17984,13149
2025-08-30,14016,9616
2025-08-31,22168,16041
2025-09-01,14823,11018
2025-09-02,11618,8099
2025-09-03,21869,16338
2025-09-04,12250,8294
2025-09-05,8813,5359
2025-09-06,5263,3352
2025-09-07,6840,4422
2025-09-08,8985,6348
2025-09-09,5895,3776
2025-09-10,5696,3766
2025-09-11,6039,4139
2025-09-12,6685,4366
2025-09-13,4034,3023
2025-09-14,3328,2524
2025-09-15,5531,3921
2025-09-16,11932,8270
2025-09-17,8917,6439
2025-09-18,7616,4748
2025-09-19,10454,6751
2025-09-20,9096,5910
2025-09-21,7731,4933
2025-09-22,7548,5240
2025-09-23,5750,3649
2025-09-24,31357,29600
2025-09-25,18342,16053
2025-09-26,11463,9059
2025-09-27,9363,6932
2025-09-28,7019,5555
2025-09-29,7637,5841
2025-09-30,7842,6109
2025-10-01,14359,9527
2025-10-02,13398,9829
2025-10-03,7156,5235
2025-10-04,5361,3965
2025-10-05,5352,4037
2025-10-06,9452,6228
2025-10-07,6961,4660
2025-10-08,7616,5497
2025-10-09,7778,6161
2025-10-10,7861,6434
2025-10-11,7494,6441
2025-10-12,5991,5038
2025-10-13,9967,7427
2025-10-14,24736,16410
2025-10-15,35692,25979
2025-10-16,15288,10899
2025-10-17,17529,12391
2025-10-18,21386,13416
2025-10-19,30892,20469
2025-10-20,42999,29373
2025-10-21,21781,13570
2025-10-22,19603,12335
2025-10-23,12700,8371
2025-10-24,9077,6659
2025-10-25,6877,5595
2025-10-26,6043,4862
2025-10-27,6449,4828
2025-10-28,8954,6436
2025-10-29,8790,6306
2025-10-30,7858,5583
2025-10-31,5791,4331
2025-11-01,11708,10623
2025-11-02,6412,5067
2025-11-03,6363,4606
2025-11-04,8395,6295
2025-11-05,7594,5208
2025-11-06,13330,7293
2025-11-07,16085,11163
2025-11-08,9958,6590
2025-11-09,18053,12008
2025-11-10,21846,14246
2025-11-11,46912,32629
2025-11-12,17499,11853
2025-11-13,9553,6431
2025-11-14,10427,6906
2025-11-15,9241,5547
2025-11-16,12850,8778
2025-11-17,13328,9080
2025-11-18,11720,7768
2025-11-19,30009,22388
2025-11-20,23209,18524
2025-11-21,8297,6437
2025-11-22,6087,4905
2025-11-23,10683,8347
2025-11-24,25526,21906
2025-11-25,26191,22114
2025-11-26,18184,13122
2025-11-27,13272,10258
2025-11-28,8819,6814
2025-11-29,6237,5060
2025-11-30,3971,3046
2025-12-01,6646,4974
2025-12-02,7541,5272
2025-12-03,7257,5271
2025-12-04,6055,4512
2025-12-05,6366,4794
2025-12-06,4065,3124
2025-12-07,5578,4381
2025-12-08,5273,3686
2025-12-09,6907,4657
2025-12-10,6673,4557
2025-12-11,9661,5927
2025-12-12,7556,4971
2025-12-13,4858,3412
2025-12-14,4286,2932
2025-12-15,5641,3934
2025-12-16,6292,4586
2025-12-17,4509,3254
2025-12-18,5947,4313
2025-12-19,8737,4792
2025-12-20,28676,20722
2025-12-21,11888,8783
2025-12-22,7156,4701
2025-12-23,8122,5328
2025-12-24,3762,2630
2025-12-25,2750,1742
2025-12-26,3799,2492
2025-12-27,3394,2448
2025-12-28,3086,2180
2025-12-29,3681,2481
2025-12-30,3098,2205
2025-12-31,2714,1893
2026-01-01,3253,2418
2026-01-02,4553,3556
2026-01-03,5559,4676
2026-01-04,2983,2231
2026-01-05,6601,5238
2026-01-06,39769,37611
2026-01-07,28679,26302
2026-01-08,15008,13148
2026-01-09,7227,5850
2026-01-10,6713,5834
2026-01-11,18062,17200
2026-01-12,17632,15580
2026-01-13,11570,9482
2026-01-14,7524,5843
2026-01-15,6495,4867
2026-01-16,6629,5024
2026-01-17,14457,10663
2026-01-18,10213,7786
2026-01-19,23024,16028
2026-01-20,30786,22224
2026-01-21,18249,13592
2026-01-22,11957,9411
2026-01-23,8089,5658
2026-01-24,7602,4813
2026-01-25,6202,4191
2026-01-26,7513,5184
2026-01-27,6658,5012
2026-01-28,9726,8154
2026-01-29,6646,4896
2026-01-30,6370,4601
2026-01-31,10497,7156
2026-02-01,21563,15438
2026-02-02,11319,7897
2026-02-03,10627,6839
2026-02-04,7683,5390
2026-02-05,7158,5318
2026-02-06,6499,4868
2026-02-07,5086,4001
2026-02-08,5195,4120
2026-02-09,5966,4421
2026-02-10,14563,10552
2026-02-11,9040,6764
2026-02-12,6602,5184
2026-02-13,6884,5492
2026-02-14,7024,5666
2026-02-15,5449,4385
2026-02-16,5734,4671
2026-02-17,5440,4463
2026-02-18,8355,6885
2026-02-19,9752,8097
2026-02-20,8247,6761
2026-02-21,5773,4762
2026-02-22,5768,4803
2026-02-23,6129,4684
2026-02-24,6206,4678
2026-02-25,6446,5041
2026-02-26,5674,4399
2026-02-27,8830,6736
2026-02-28,7865,6146
2026-03-01,6039,5032
2026-03-02,6474,4814
2026-03-03,5613,4135
2026-03-04,5564,4133
2026-03-05,6024,4519
2026-03-06,5230,3955
2026-03-07,5901,4783
2026-03-08,5878,4314
2026-03-09,7949,5847
2026-03-10,6053,4613
2026-03-11,8380,6704
2026-03-12,6124,4703
2026-03-13,6079,4824
2026-03-14,5683,4836
2026-03-15,5692,4869
2026-03-16,8216,6617
2026-03-17,7417,5721
2026-03-18,6559,5010
2026-03-19,6136,4851
2026-03-20,5706,4435
2026-03-21,4943,3983
2026-03-22,6682,5631
2026-03-23,7091,5486
2026-03-24,7382,5841
2026-03-25,6376,4917
2026-03-26,5713,4330
2026-03-27,3712,2726
2026-03-28,4530,3614
2026-03-29,3664,2781
2026-03-30,4788,3460
2026-03-31,4031,2865
2026-04-01,5609,4335
2026-04-02,5535,4310
2026-04-03,4600,3714
2026-04-04,4178,3396
2026-04-05,12235,9895
2026-04-06,9065,7146
2026-04-07,8024,6147
2026-04-08,9091,7581
2026-04-09,8722,7246
2026-04-10,8749,7596
2026-04-11,6240,5367
2026-04-12,4704,3911
2026-04-13,10144,8580
2026-04-14,10683,9211
2026-04-15,9663,8200
2026-04-16,9876,8461
2026-04-17,8608,7299
2026-04-18,8390,7558
2026-04-19,7271,6449
2026-04-20,9839,8718
2026-04-21,9336,8185
2026-04-22,12958,11486
2026-04-23,10437,8977
2026-04-24,6739,5524
2026-04-25,6510,5698
2026-04-26,5968,5140
2026-04-27,7418,5578
2026-04-28,6697,5117
2026-04-29,8888,7226
2026-04-30,9670,8225
2026-05-01,6050,5168
2026-05-02,5570,4795
2026-05-03,5311,4480
2026-05-04,6178,4882
2026-05-05,4660,3452
2026-05-06,5368,4117
2026-05-07,5769,4422
2026-05-08,3927,2854
2026-05-09,9697,8161
2026-05-10,6168,5074
2026-05-11,4827,3446
2026-05-12,13174,10793
2026-05-13,9548,7726
2026-05-14,6269,4964
2026-05-15,4731,3486
2026-05-16,4431,3448
2026-05-17,12906,10117
2026-05-18,16287,12664
2026-05-19,11529,8676
2026-05-20,10975,8674
2026-05-21,9555,7434
2026-05-22,7296,5730
2026-05-23,6228,5114
2026-05-24,5909,4821
2026-05-25,10463,8757
2026-05-26,8534,6664
2026-05-27,7514,5740
2026-05-28,5842,4441
2026-05-29,5320,4073
2026-05-30,6257,5269
2026-05-31,6054,5260
2026-06-01,7189,5557
2026-06-02,7304,5593
2026-06-03,7283,5864
2026-06-04,4774,3769
2026-06-05,9285,6750
2026-06-06,5875,4577
2026-06-07,4036,3089
2026-06-08,7876,6199
2026-06-09,7330,5567
2026-06-10,10052,7758
2026-06-11,6625,4968
2026-06-12,5687,4384
2026-06-13,4255,3427
2026-06-14,4550,3698
2026-06-15,6725,5021
2026-06-16,5582,4176
2026-06-17,4259,3185
2026-06-18,5445,4215
2026-06-19,4644,3687
2026-06-20,4557,3827
2026-06-21,4725,3859
2026-06-22,5251,4316
2026-06-23,4602,3721
2026-06-24,4292,3581
2026-06-25,4599,3490
2026-06-26,5141,4033
2026-06-27,3781,2920
2026-06-28,3694,2910
2026-06-29,3754,2802
2026-06-30,5274,3980
2026-07-01,5366,4152
2026-07-02,4081,3184
2026-07-03,5401,4434
2026-07-04,5073,4182
2026-07-05,4086,3418
2026-07-06,5778,4610
2026-07-07,8378,7146
2026-07-08,6068,4842
2026-07-09,6978,5402
2026-07-10,5953,4709
2026-07-11,4353,3595
2026-07-12,4883,4017
2026-07-13,7224,5658
2026-07-14,6177,4800
2026-07-15,5114,3935
2026-07-16,4881,3637
2026-07-17,7530,6437
2026-07-18,4268,3634
2026-07-19,4173,3535
2026-07-20,5861,4628
2026-07-21,9952,8136
2026-07-22,8501,6717
2026-07-23,7645,6175
2026-07-24,6759,5534
2026-07-25,4346,3674
2026-07-26,4509,3764
2026-07-27,7654,6270
2026-07-28,7050,5667
2026-07-29,7988,6462
2026-07-30,8897,7457
2026-07-31,7218,5857
2026-08-01,5511,4644
2026-08-02,5623,4826
2026-08-03,7301,5820
2026-08-04,6384,4808
2026-08-05,5918,4449
2026-08-06,5974,4463
2026-08-07,6301,4896
2026-08-08,5188,4387
2026-08-09,6802,6072
2026-08-10,5544,4197
2026-08-11,7053,5769
2026-08-12,6973,5645
2026-08-13,6022,4654
2026-08-14,5213,4090
2026-08-15,4179,3452
2026-08-16,4872,4028
2026-08-17,13467,12078
2026-08-18,29353,28054
2026-08-19,2042,1936
